MATCH_ID,COMPETITION,SEASON,PHASE,MATCH_DATE,HOME_TEAM,AWAY_TEAM,HOME_GOALS,AWAY_GOALS
UEL_2025_2026_KNOCKOUT_PHASE_8F6B6E3E,UEL,2025/2026,KNOCKOUT_PHASE,2026-05-07,Aston Villa,Nottingham,4,0
UEL_2025_2026_KNOCKOUT_PHASE_8B0B9274,UEL,2025/2026,KNOCKOUT_PHASE,2026-05-07,Freiburg,Braga,3,1
UEL_2025_2026_KNOCKOUT_PHASE_7AE78DC3,UEL,2025/2026,KNOCKOUT_PHASE,2026-04-30,Braga,Freiburg,2,1
UEL_2025_2026_KNOCKOUT_PHASE_BE93AAF8,UEL,2025/2026,KNOCKOUT_PHASE,2026-04-30,Nottingham,Aston Villa,1,0
UEL_2025_2026_KNOCKOUT_PHASE_A2006A55,UEL,2025/2026,KNOCKOUT_PHASE,2026-04-16,Aston Villa,Bologna,4,0
UEL_2025_2026_KNOCKOUT_PHASE_C8B713BC,UEL,2025/2026,KNOCKOUT_PHASE,2026-04-16,Betis,Braga,2,4
UEL_2025_2026_KNOCKOUT_PHASE_2A818EC4,UEL,2025/2026,KNOCKOUT_PHASE,2026-04-16,Nottingham,FC Porto,1,0
UEL_2025_2026_KNOCKOUT_PHASE_5D2FFB95,UEL,2025/2026,KNOCKOUT_PHASE,2026-04-16,Celta Vigo,Freiburg,1,3
UEL_2025_2026_KNOCKOUT_PHASE_9E47E1AE,UEL,2025/2026,KNOCKOUT_PHASE,2026-04-09,Bologna,Aston Villa,1,3
UEL_2025_2026_KNOCKOUT_PHASE_786D97EC,UEL,2025/2026,KNOCKOUT_PHASE,2026-04-09,FC Porto,Nottingham,1,1
UEL_2025_2026_KNOCKOUT_PHASE_4E34F077,UEL,2025/2026,KNOCKOUT_PHASE,2026-04-09,Freiburg,Celta Vigo,3,0
UEL_2025_2026_KNOCKOUT_PHASE_9D97DC94,UEL,2025/2026,KNOCKOUT_PHASE,2026-03-19,AS Roma,Bologna,3,3
UEL_2025_2026_KNOCKOUT_PHASE_51CDD725,UEL,2025/2026,KNOCKOUT_PHASE,2026-03-19,Aston Villa,Lille,2,0
UEL_2025_2026_KNOCKOUT_PHASE_C43173B5,UEL,2025/2026,KNOCKOUT_PHASE,2026-03-19,Betis,Panathinaikos,4,0
UEL_2025_2026_KNOCKOUT_PHASE_76C6B652,UEL,2025/2026,KNOCKOUT_PHASE,2026-03-19,FC Porto,Stuttgart,2,0
UEL_2025_2026_KNOCKOUT_PHASE_1B00BD1E,UEL,2025/2026,KNOCKOUT_PHASE,2026-03-19,Freiburg,Genk,5,1
UEL_2025_2026_KNOCKOUT_PHASE_65A8314C,UEL,2025/2026,KNOCKOUT_PHASE,2026-03-19,Lyon2,Lyon,0,2
UEL_2025_2026_KNOCKOUT_PHASE_A16FDB19,UEL,2025/2026,KNOCKOUT_PHASE,2026-03-19,Midtjylland,Nottingham,1,2
UEL_2025_2026_KNOCKOUT_PHASE_99927733,UEL,2025/2026,KNOCKOUT_PHASE,2026-03-18,Braga,Ferencvaros,4,0
UEL_2025_2026_KNOCKOUT_PHASE_123AB62E,UEL,2025/2026,KNOCKOUT_PHASE,2026-03-12,Celta Vigo,Lyon,1,1
UEL_2025_2026_KNOCKOUT_PHASE_994FEFAB,UEL,2025/2026,KNOCKOUT_PHASE,2026-03-12,Ferencvaros,Braga,2,0
UEL_2025_2026_KNOCKOUT_PHASE_D230AAD1,UEL,2025/2026,KNOCKOUT_PHASE,2026-03-12,Genk,Freiburg,1,0
UEL_2025_2026_KNOCKOUT_PHASE_21DDB2A4,UEL,2025/2026,KNOCKOUT_PHASE,2026-03-12,Nottingham,Midtjylland,0,1
UEL_2025_2026_KNOCKOUT_PHASE_2268FF2B,UEL,2025/2026,KNOCKOUT_PHASE,2026-03-12,Bologna,AS Roma,1,1
UEL_2025_2026_KNOCKOUT_PHASE_FB12D06B,UEL,2025/2026,KNOCKOUT_PHASE,2026-03-12,Lille,Aston Villa,0,1
UEL_2025_2026_KNOCKOUT_PHASE_4E9B50C0,UEL,2025/2026,KNOCKOUT_PHASE,2026-03-12,Panathinaikos,Betis,1,0
UEL_2025_2026_KNOCKOUT_PHASE_D9A9338B,UEL,2025/2026,KNOCKOUT_PHASE,2026-03-12,Stuttgart,FC Porto,1,2
UEL_2025_2026_PLAYOFFS_EB1D970A,UEL,2025/2026,PLAYOFFS,2026-02-26,Bologna,Brann,1,0
UEL_2025_2026_PLAYOFFS_1C339EDE,UEL,2025/2026,PLAYOFFS,2026-02-26,Celta Vigo,PAOK,1,0
UEL_2025_2026_PLAYOFFS_2A01539F,UEL,2025/2026,PLAYOFFS,2026-02-26,Genk,Din. Zagreb,1,3
UEL_2025_2026_PLAYOFFS_B60EDEDC,UEL,2025/2026,PLAYOFFS,2026-02-26,Nottingham,Fenerbahce,1,2
UEL_2025_2026_PLAYOFFS_1C16FD08,UEL,2025/2026,PLAYOFFS,2026-02-26,Crvena zvezda,Lille,0,1
UEL_2025_2026_PLAYOFFS_BADD5320,UEL,2025/2026,PLAYOFFS,2026-02-26,Ferencvaros,Ludogorets,2,0
UEL_2025_2026_PLAYOFFS_1B52115E,UEL,2025/2026,PLAYOFFS,2026-02-26,Plzen,Panathinaikos,1,1
UEL_2025_2026_PLAYOFFS_31FED814,UEL,2025/2026,PLAYOFFS,2026-02-26,Stuttgart,Celtic,0,1
UEL_2025_2026_PLAYOFFS_3A6F95BA,UEL,2025/2026,PLAYOFFS,2026-02-19,Celtic,Stuttgart,1,4
UEL_2025_2026_PLAYOFFS_F307F4C8,UEL,2025/2026,PLAYOFFS,2026-02-19,Lille,Crvena zvezda,0,1
UEL_2025_2026_PLAYOFFS_399329CB,UEL,2025/2026,PLAYOFFS,2026-02-19,Ludogorets,Ferencvaros,2,1
UEL_2025_2026_PLAYOFFS_C2F4EE79,UEL,2025/2026,PLAYOFFS,2026-02-19,Panathinaikos,Plzen,2,2
UEL_2025_2026_PLAYOFFS_D4FECADD,UEL,2025/2026,PLAYOFFS,2026-02-19,Brann,Bologna,0,1
UEL_2025_2026_PLAYOFFS_18D2B55D,UEL,2025/2026,PLAYOFFS,2026-02-19,Din. Zagreb,Genk,1,3
UEL_2025_2026_PLAYOFFS_0F8878E9,UEL,2025/2026,PLAYOFFS,2026-02-19,Fenerbahce,Nottingham,0,3
UEL_2025_2026_PLAYOFFS_893CD321,UEL,2025/2026,PLAYOFFS,2026-02-19,PAOK,Celta Vigo,1,2
UEL_2025_2026_LEAGUE_PHASE_B4303505,UEL,2025/2026,LEAGUE_PHASE,2026-01-29,Aston Villa,Salzburg,3,2
UEL_2025_2026_LEAGUE_PHASE_A3AA25EC,UEL,2025/2026,LEAGUE_PHASE,2026-01-29,Basel,Plzen,0,1
UEL_2025_2026_LEAGUE_PHASE_F8723911,UEL,2025/2026,LEAGUE_PHASE,2026-01-29,Betis,Feyenoord,2,1
UEL_2025_2026_LEAGUE_PHASE_BE52C3A0,UEL,2025/2026,LEAGUE_PHASE,2026-01-29,Celtic,Utrecht,4,2
UEL_2025_2026_LEAGUE_PHASE_967A6E77,UEL,2025/2026,LEAGUE_PHASE,2026-01-29,Crvena zvezda,Celta Vigo,1,1
UEL_2025_2026_LEAGUE_PHASE_F943B5C4,UEL,2025/2026,LEAGUE_PHASE,2026-01-29,FC Porto,Rangers,3,1
UEL_2025_2026_LEAGUE_PHASE_B7FFF080,UEL,2025/2026,LEAGUE_PHASE,2026-01-29,FCSB,Fenerbahce,1,1
UEL_2025_2026_LEAGUE_PHASE_EBDA2F36,UEL,2025/2026,LEAGUE_PHASE,2026-01-29,G.A. Eagles,Braga,0,0
UEL_2025_2026_LEAGUE_PHASE_98259191,UEL,2025/2026,LEAGUE_PHASE,2026-01-29,Genk,Malmo FF,2,1
UEL_2025_2026_LEAGUE_PHASE_541627C5,UEL,2025/2026,LEAGUE_PHASE,2026-01-29,Lille,Freiburg,1,0
UEL_2025_2026_LEAGUE_PHASE_A1CD90B9,UEL,2025/2026,LEAGUE_PHASE,2026-01-29,Ludogorets,Nice,1,0
UEL_2025_2026_LEAGUE_PHASE_26AB70D1,UEL,2025/2026,LEAGUE_PHASE,2026-01-29,Lyon,PAOK,4,2
UEL_2025_2026_LEAGUE_PHASE_EDC2234A,UEL,2025/2026,LEAGUE_PHASE,2026-01-29,Maccabi Tel Aviv,Bologna,0,3
UEL_2025_2026_LEAGUE_PHASE_3CFDA69D,UEL,2025/2026,LEAGUE_PHASE,2026-01-29,Midtjylland,Din. Zagreb,2,0
UEL_2025_2026_LEAGUE_PHASE_18366448,UEL,2025/2026,LEAGUE_PHASE,2026-01-29,Nottingham,Ferencvaros,4,0
UEL_2025_2026_LEAGUE_PHASE_A900A2D4,UEL,2025/2026,LEAGUE_PHASE,2026-01-29,Panathinaikos,AS Roma,1,1
UEL_2025_2026_LEAGUE_PHASE_B5E7EF5F,UEL,2025/2026,LEAGUE_PHASE,2026-01-29,Sturm Graz,Brann,1,0
UEL_2025_2026_LEAGUE_PHASE_81A461BB,UEL,2025/2026,LEAGUE_PHASE,2026-01-29,Stuttgart,Young Boys,3,2
UEL_2025_2026_LEAGUE_PHASE_2041E7AE,UEL,2025/2026,LEAGUE_PHASE,2026-01-22,AS Roma,Stuttgart,2,0
UEL_2025_2026_LEAGUE_PHASE_30A40068,UEL,2025/2026,LEAGUE_PHASE,2026-01-22,Braga,Nottingham,1,0
UEL_2025_2026_LEAGUE_PHASE_63AEE118,UEL,2025/2026,LEAGUE_PHASE,2026-01-22,Celta Vigo,Lille,2,1
UEL_2025_2026_LEAGUE_PHASE_69AED775,UEL,2025/2026,LEAGUE_PHASE,2026-01-22,Din. Zagreb,FCSB,4,1
UEL_2025_2026_LEAGUE_PHASE_4A2A28A9,UEL,2025/2026,LEAGUE_PHASE,2026-01-22,Ferencvaros,Panathinaikos,1,1
UEL_2025_2026_LEAGUE_PHASE_84ED15B7,UEL,2025/2026,LEAGUE_PHASE,2026-01-22,Nice,G.A. Eagles,3,1
UEL_2025_2026_LEAGUE_PHASE_5C465437,UEL,2025/2026,LEAGUE_PHASE,2026-01-22,Rangers,Ludogorets,1,0
UEL_2025_2026_LEAGUE_PHASE_65B0843B,UEL,2025/2026,LEAGUE_PHASE,2026-01-22,Salzburg,Basel,3,1
UEL_2025_2026_LEAGUE_PHASE_29CCC359,UEL,2025/2026,LEAGUE_PHASE,2026-01-22,Utrecht,Genk,0,2
UEL_2025_2026_LEAGUE_PHASE_13F70089,UEL,2025/2026,LEAGUE_PHASE,2026-01-22,Bologna,Celtic,2,2
UEL_2025_2026_LEAGUE_PHASE_CAEB7A47,UEL,2025/2026,LEAGUE_PHASE,2026-01-22,Brann,Midtjylland,3,3
UEL_2025_2026_LEAGUE_PHASE_07FB1DA6,UEL,2025/2026,LEAGUE_PHASE,2026-01-22,Fenerbahce,Aston Villa,0,1
UEL_2025_2026_LEAGUE_PHASE_90084CB6,UEL,2025/2026,LEAGUE_PHASE,2026-01-22,Feyenoord,Sturm Graz,3,0
UEL_2025_2026_LEAGUE_PHASE_B0183EA5,UEL,2025/2026,LEAGUE_PHASE,2026-01-22,Freiburg,Maccabi Tel Aviv,1,0
UEL_2025_2026_LEAGUE_PHASE_17CE1A09,UEL,2025/2026,LEAGUE_PHASE,2026-01-22,Malmo FF,Crvena zvezda,0,1
UEL_2025_2026_LEAGUE_PHASE_73FB974C,UEL,2025/2026,LEAGUE_PHASE,2026-01-22,PAOK,Betis,2,0
UEL_2025_2026_LEAGUE_PHASE_0687C0BD,UEL,2025/2026,LEAGUE_PHASE,2026-01-22,Plzen,FC Porto,1,1
UEL_2025_2026_LEAGUE_PHASE_8D7E6FCF,UEL,2025/2026,LEAGUE_PHASE,2026-01-22,Young Boys,Lyon,0,1
UEL_2025_2026_LEAGUE_PHASE_CFFC318D,UEL,2025/2026,LEAGUE_PHASE,2025-12-11,Basel,Aston Villa,1,2
UEL_2025_2026_LEAGUE_PHASE_19939ADE,UEL,2025/2026,LEAGUE_PHASE,2025-12-11,Brann,Fenerbahce,0,4
UEL_2025_2026_LEAGUE_PHASE_E24478B5,UEL,2025/2026,LEAGUE_PHASE,2025-12-11,Celta Vigo,Bologna,1,2
UEL_2025_2026_LEAGUE_PHASE_A9400245,UEL,2025/2026,LEAGUE_PHASE,2025-12-11,Celtic,AS Roma,0,3
UEL_2025_2026_LEAGUE_PHASE_CAC781E7,UEL,2025/2026,LEAGUE_PHASE,2025-12-11,FC Porto,Malmo FF,2,1
UEL_2025_2026_LEAGUE_PHASE_F34053EC,UEL,2025/2026,LEAGUE_PHASE,2025-12-11,FCSB,Feyenoord,4,3
UEL_2025_2026_LEAGUE_PHASE_83FE1C53,UEL,2025/2026,LEAGUE_PHASE,2025-12-11,Freiburg,Salzburg,1,0
UEL_2025_2026_LEAGUE_PHASE_52DEE450,UEL,2025/2026,LEAGUE_PHASE,2025-12-11,Lyon,G.A. Eagles,2,1
UEL_2025_2026_LEAGUE_PHASE_DBBA865B,UEL,2025/2026,LEAGUE_PHASE,2025-12-11,Panathinaikos,Plzen,0,0
UEL_2025_2026_LEAGUE_PHASE_DC99077C,UEL,2025/2026,LEAGUE_PHASE,2025-12-11,Din. Zagreb,Betis,1,3
UEL_2025_2026_LEAGUE_PHASE_4DA884F4,UEL,2025/2026,LEAGUE_PHASE,2025-12-11,Ferencvaros,Rangers,2,1
UEL_2025_2026_LEAGUE_PHASE_EC4728CD,UEL,2025/2026,LEAGUE_PHASE,2025-12-11,Ludogorets,PAOK,3,3
UEL_2025_2026_LEAGUE_PHASE_703DD57A,UEL,2025/2026,LEAGUE_PHASE,2025-12-11,Midtjylland,Genk,1,0
UEL_2025_2026_LEAGUE_PHASE_A27B913A,UEL,2025/2026,LEAGUE_PHASE,2025-12-11,Nice,Braga,0,1
UEL_2025_2026_LEAGUE_PHASE_C227CF3C,UEL,2025/2026,LEAGUE_PHASE,2025-12-11,Sturm Graz,Crvena zvezda,0,1
UEL_2025_2026_LEAGUE_PHASE_4F65B9C2,UEL,2025/2026,LEAGUE_PHASE,2025-12-11,Stuttgart,Maccabi Tel Aviv,4,1
UEL_2025_2026_LEAGUE_PHASE_F7731434,UEL,2025/2026,LEAGUE_PHASE,2025-12-11,Utrecht,Nottingham,1,2
UEL_2025_2026_LEAGUE_PHASE_BB253E20,UEL,2025/2026,LEAGUE_PHASE,2025-12-11,Young Boys,Lille,1,0
UEL_2025_2026_LEAGUE_PHASE_517FAB58,UEL,2025/2026,LEAGUE_PHASE,2025-11-27,Betis,Utrecht,2,1
UEL_2025_2026_LEAGUE_PHASE_0CBD7F4D,UEL,2025/2026,LEAGUE_PHASE,2025-11-27,Bologna,Salzburg,4,1
UEL_2025_2026_LEAGUE_PHASE_A265FE27,UEL,2025/2026,LEAGUE_PHASE,2025-11-27,Crvena zvezda,FCSB,1,0
UEL_2025_2026_LEAGUE_PHASE_4410CF97,UEL,2025/2026,LEAGUE_PHASE,2025-11-27,G.A. Eagles,Stuttgart,0,4
UEL_2025_2026_LEAGUE_PHASE_D98FEA46,UEL,2025/2026,LEAGUE_PHASE,2025-11-27,Genk,Basel,2,1
UEL_2025_2026_LEAGUE_PHASE_1E11A47E,UEL,2025/2026,LEAGUE_PHASE,2025-11-27,Maccabi Tel Aviv,Lyon,0,6
UEL_2025_2026_LEAGUE_PHASE_42114B5C,UEL,2025/2026,LEAGUE_PHASE,2025-11-27,Nottingham,Malmo FF,3,0
UEL_2025_2026_LEAGUE_PHASE_9AC876C8,UEL,2025/2026,LEAGUE_PHASE,2025-11-27,Panathinaikos,Sturm Graz,2,1
UEL_2025_2026_LEAGUE_PHASE_729CB2BF,UEL,2025/2026,LEAGUE_PHASE,2025-11-27,Rangers,Braga,1,1
UEL_2025_2026_LEAGUE_PHASE_28EBD253,UEL,2025/2026,LEAGUE_PHASE,2025-11-27,AS Roma,Midtjylland,2,1
UEL_2025_2026_LEAGUE_PHASE_6D9C821C,UEL,2025/2026,LEAGUE_PHASE,2025-11-27,Aston Villa,Young Boys,2,1
UEL_2025_2026_LEAGUE_PHASE_CE5548D2,UEL,2025/2026,LEAGUE_PHASE,2025-11-27,FC Porto,Nice,3,0
UEL_2025_2026_LEAGUE_PHASE_EE7D128A,UEL,2025/2026,LEAGUE_PHASE,2025-11-27,Fenerbahce,Ferencvaros,1,1
UEL_2025_2026_LEAGUE_PHASE_E06A5DBE,UEL,2025/2026,LEAGUE_PHASE,2025-11-27,Feyenoord,Celtic,1,3
UEL_2025_2026_LEAGUE_PHASE_849B4219,UEL,2025/2026,LEAGUE_PHASE,2025-11-27,Lille,Din. Zagreb,4,0
UEL_2025_2026_LEAGUE_PHASE_244F2021,UEL,2025/2026,LEAGUE_PHASE,2025-11-27,Ludogorets,Celta Vigo,3,2
UEL_2025_2026_LEAGUE_PHASE_E762130E,UEL,2025/2026,LEAGUE_PHASE,2025-11-27,PAOK,Brann,1,1
UEL_2025_2026_LEAGUE_PHASE_99A5F0D3,UEL,2025/2026,LEAGUE_PHASE,2025-11-27,Plzen,Freiburg,0,0
UEL_2025_2026_LEAGUE_PHASE_AA2767C5,UEL,2025/2026,LEAGUE_PHASE,2025-11-06,Aston Villa,Maccabi Tel Aviv,2,0
UEL_2025_2026_LEAGUE_PHASE_11C52792,UEL,2025/2026,LEAGUE_PHASE,2025-11-06,Betis,Lyon,2,0
UEL_2025_2026_LEAGUE_PHASE_D77DBAB5,UEL,2025/2026,LEAGUE_PHASE,2025-11-06,Bologna,Brann,0,0
UEL_2025_2026_LEAGUE_PHASE_61FCC809,UEL,2025/2026,LEAGUE_PHASE,2025-11-06,Braga,Genk,3,4
UEL_2025_2026_LEAGUE_PHASE_D00FFA72,UEL,2025/2026,LEAGUE_PHASE,2025-11-06,Ferencvaros,Ludogorets,3,1
UEL_2025_2026_LEAGUE_PHASE_9138C5AF,UEL,2025/2026,LEAGUE_PHASE,2025-11-06,PAOK,Young Boys,4,0
UEL_2025_2026_LEAGUE_PHASE_576FE5D7,UEL,2025/2026,LEAGUE_PHASE,2025-11-06,Plzen,Fenerbahce,0,0
UEL_2025_2026_LEAGUE_PHASE_33278E16,UEL,2025/2026,LEAGUE_PHASE,2025-11-06,Rangers,AS Roma,0,2
UEL_2025_2026_LEAGUE_PHASE_B3EB01DB,UEL,2025/2026,LEAGUE_PHASE,2025-11-06,Stuttgart,Feyenoord,2,0
UEL_2025_2026_LEAGUE_PHASE_4C5E1668,UEL,2025/2026,LEAGUE_PHASE,2025-11-06,Basel,FCSB,3,1
UEL_2025_2026_LEAGUE_PHASE_FBDA52E3,UEL,2025/2026,LEAGUE_PHASE,2025-11-06,Crvena zvezda,Lille,1,0
UEL_2025_2026_LEAGUE_PHASE_A6853A8D,UEL,2025/2026,LEAGUE_PHASE,2025-11-06,Din. Zagreb,Celta Vigo,0,3
UEL_2025_2026_LEAGUE_PHASE_8275B85C,UEL,2025/2026,LEAGUE_PHASE,2025-11-06,Malmo FF,Panathinaikos,0,1
UEL_2025_2026_LEAGUE_PHASE_E8C4F871,UEL,2025/2026,LEAGUE_PHASE,2025-11-06,Midtjylland,Celtic,3,1
UEL_2025_2026_LEAGUE_PHASE_5F2CF0E3,UEL,2025/2026,LEAGUE_PHASE,2025-11-06,Nice,Freiburg,1,3
UEL_2025_2026_LEAGUE_PHASE_1A359A33,UEL,2025/2026,LEAGUE_PHASE,2025-11-06,Salzburg,G.A. Eagles,2,0
UEL_2025_2026_LEAGUE_PHASE_B5F092B1,UEL,2025/2026,LEAGUE_PHASE,2025-11-06,Sturm Graz,Nottingham,0,0
UEL_2025_2026_LEAGUE_PHASE_368D79F5,UEL,2025/2026,LEAGUE_PHASE,2025-11-06,Utrecht,FC Porto,1,1
